Run,N,K,Time(ms),Accuracy,NMI,ARI
1,100,2,8201.140,0.500000,0.000000,0.000000
2,100,2,953.489,0.500000,0.000000,0.000000
3,100,2,1012.146,0.500000,0.000000,0.000000
4,100,2,778.978,0.500000,0.000000,0.000000
5,100,2,846.708,0.500000,0.000000,0.000000
6,100,2,815.837,0.500000,0.000000,0.000000
7,100,2,818.629,0.500000,0.000000,0.000000
8,100,2,921.509,0.500000,0.000000,0.000000
9,100,2,932.129,0.500000,0.000000,0.000000
10,100,2,923.850,0.500000,0.000000,0.000000
