Run,N,K,Time(ms),Accuracy,NMI,ARI
1,100,2,7239.399,0.500000,0.000000,0.000000
